CURP,hora_entrada,hora_salida
QFLI951116HXOKBG54,20:08:55,20:11:07
VJXE951228HLDRNI97,19:40:16,20:38:59
NXOH961227MVPEXT31,19:49:13,20:08:25
HYCG971119MYJVIC99,12:13:34,20:00:50
SCFQ910718MWTYFR01,14:18:50,21:21:13
EMVU881218HMTSFE80,8:39:26,20:11:47
JHMW670907HAGWOQ81,13:44:11,21:07:30
GBVS931218HXAJQC26,18:17:43,21:57:15
IBZH711028HBRNVA85,20:06:00,21:09:41
GUVK851118MPKSQJ69,13:05:38,21:23:13
CYQU911107MGXBTA95,8:58:42,20:16:23
NBKG951228HBZSYO86,15:16:25,20:47:55
QSZI911028MENJFD70,12:02:06,20:06:28
ANLT991025HLUSQV74,19:34:43,21:09:54
RABQ731203HAOQFS31,7:20:47,21:34:51
VCLM871005HNAMGT84,16:13:44,20:41:06
ABZE921016HXECUH15,17:33:02,21:49:19
ARYS760909MUAZCS61,12:08:10,21:48:56
DYNO911007MWUHON68,8:39:07,21:20:28
LBUI971229HAVDZT48,20:40:26,20:55:43
GYID971219MLODRI88,16:27:41,21:38:47
LZCD831206MJNXGP96,9:12:39,20:35:51
XFBA921208HLCXBN26,15:10:59,21:09:23
LPAH891229MWBYFP84,20:05:53,21:57:03
KPZR821229MWGFYS44,10:20:41,20:30:23
EWRB991129HGDLYK94,13:37:54,20:44:12
PDFW691227HUHWRJ03,9:30:52,20:33:25
QHJZ711206HPWKCD99,7:48:41,21:19:05
JIAD721129HPWVLB62,11:53:05,20:36:35
KOJA890909HMXDTC81,11:53:51,21:42:22
DGOY801209HESZJQ83,14:22:21,21:55:18
OGRM741017MCPZVO05,18:29:48,20:38:58
GQFE951008HFTJAI94,18:28:52,20:38:45
IKZP801129HIRZDQ68,14:52:33,20:50:49
NOBE941009HQZRAC04,14:13:28,21:16:10
ZWAF661218MAXPUF22,10:22:13,20:45:46
CJGF961219HODLIM92,8:49:36,20:43:43
IGSD950728HQXPBH35,9:01:19,21:12:50
ISOU941129HNWBSK49,9:09:53,20:07:27
CLWV600919HZDSTX63,9:16:16,21:26:46
JSAV691128HDBZRF83,19:24:23,21:32:08
OUAI931117HRFVCW77,12:58:20,21:01:25
VBHS951127HEXWSO30,18:42:22,20:34:12
WHIV691226HEHISQ48,12:06:53,20:12:40
MPSC851016MCRMIZ14,10:38:02,21:00:04
VPJC811229HRDJWN56,12:35:15,20:47:10
NROG991229HXTJFB76,8:36:21,20:36:28
BTAK961009MCSVXU63,14:18:02,21:08:47
HZQP881119MWYJDC24,8:59:23,21:16:25
UAGT931109MYZLSI14,8:47:06,21:39:16
HINS831227MYVBQF62,11:50:58,20:31:12
GZSF701029HBSOAP42,12:45:42,20:58:25
THFA981128MZQGVE12,11:04:07,20:40:32
JXMW931229HXMKYZ71,17:36:27,20:06:19
FJOE871229HPVWIT40,7:13:37,20:40:29
IFTJ901019HERDAC03,11:59:35,21:30:09
WKIV961128MXJWLG21,10:39:56,20:46:28
ZYHG961229MDPIHJ48,17:20:32,21:55:09
MCTV921206HVJAUH94,17:54:41,20:53:56
USQA820929MCMTGX57,19:46:03,21:46:54
RSHB840609MSDXIM90,18:06:07,21:32:31
OAPT640928MPDRBS33,17:59:09,21:43:41
HEST831027MGKJCU38,18:38:31,21:41:14
OEXT711229HRWYPZ56,16:06:22,20:08:15
PART731228MPFVLA57,10:56:53,20:38:12
MEKQ820828MLGEIC35,10:43:03,21:35:58
EDML681207HZSGNV30,18:03:27,20:40:48
EDCS991229HAPDVO10,19:07:14,21:05:42
OVMB971208HELTNU61,9:09:48,20:53:23
WTAY901109MAPIQZ16,9:36:30,21:34:49
EUXY791108HTWEJF98,18:23:45,21:39:46
QNWD951019HWEDJU66,11:15:39,20:46:01
MSPY971216HQPLNC76,11:54:22,20:58:31
UXCQ801229HGHSDL95,17:21:17,21:12:18
BHWM711129MAIZUJ89,10:22:35,20:49:30
CBDI981206MJBKAF91,15:50:19,21:45:15
SYAJ911028HSZDIA63,19:24:31,20:51:17
LQRY961226HBWUNL97,11:26:31,20:39:41
LJKQ871129MJWASI04,14:25:13,20:33:42
ZOGW991208HTHEMY59,12:36:14,21:42:58
DXOR611129HIAZBC82,17:04:50,21:55:56
WJBT871028MWTDFE91,9:55:10,21:42:16
PASV921115HVGCPY62,8:26:41,21:15:18
QCTV921228MRXAID14,11:20:29,21:55:43
DSWU961208MOGBEV35,16:56:03,20:03:07
TUMI941029MVERAN50,20:41:57,21:01:37
TDBC901228HGUPZI18,9:34:21,21:50:29
SUQO621219MFAJLT48,17:10:06,20:14:58
DBJY641229HWACQN74,9:39:45,20:01:07
DMZS931127HXLFIV89,14:27:06,21:57:19
QJGA631229MENPRQ37,17:53:43,20:19:36
MADY651229HVEUCK71,11:11:56,21:32:58
PVML651229MFEMZP15,15:00:42,21:57:21
NXVW890929MRBYKT93,15:04:12,21:32:15
BLOA881229HWNQJZ23,7:58:28,21:30:39
UIGQ981228HAHYZP00,14:56:42,20:46:43
AOWV981119MHGRAP70,18:15:32,20:04:00
ODMB910919HFBTJI55,15:28:47,20:16:01
TZUF771208HICFPK44,8:01:22,21:21:06
ZNGA841208HUECDH58,15:47:00,20:30:41
CJLT961229MKTXEI61,11:24:12,20:50:13
XVLF751226MPGDHA04,7:05:00,21:17:10
RXVL951206HUTJFZ18,20:26:13,21:21:22
SLYB881016MAWOZN42,9:48:59,21:53:26
QFUW951029HZBTXO58,8:14:05,21:47:47
OEKF721227MJOFQC63,17:23:21,21:30:12
ZPOL990929MTZYGD19,13:43:41,20:20:43
DBUL701218MCFGRS59,18:30:31,20:53:52
MNZH751029MRMFUW01,15:24:09,20:19:49
GIJL941215HTMYGB00,19:15:33,21:56:03
GDLU911219MGCPRV26,13:55:29,21:12:22
PKJW961229MIBFPD80,20:34:46,20:18:42
UMTZ781228HVZLQC68,18:48:56,21:57:33
DNJK931029HYSTBC01,9:27:00,20:21:52
JDGH980909MQUWZL18,19:40:17,21:23:01
FWTD741108MBVAGL41,13:58:49,21:09:04
SIBT970909MKDNIF58,7:23:26,20:45:45
ROXP681229HKEFYZ49,13:32:48,20:25:17
KBWX841229MBKXUV85,11:02:43,21:39:14
FJPH631218HJIPBK41,14:38:20,20:58:30
MTNX881207HZDXUY85,19:14:37,20:40:23
YSXH691208HPOHDK14,7:06:06,20:26:04
ZFDC611116HJWVAI36,19:26:13,20:33:48
NYWD881229HESNAM67,12:22:02,20:16:54
SMDL911208MPIORZ03,14:35:29,20:33:46
EKVB811229MOKVJA55,16:01:42,21:40:28
LVKE910925MFLBDH57,11:55:49,20:34:07
INWB851219MAGCEY90,16:31:36,20:55:42
KRLV871228MCZYHS63,7:05:17,21:43:39
NTIM851209HZYQXB67,13:36:47,21:18:37
ZPYO641219MHTWXK76,20:41:30,20:50:46
NBGS981129HATWCE84,8:19:57,20:51:28
PKMR601108HQOLNJ41,13:04:04,20:57:53
USQV811207MDZGUS43,11:18:14,20:44:21
ZQME611219HXPYRG84,15:34:53,20:07:12
SWGJ930909HRZOPB19,20:40:34,20:38:57
MRDG971219MYSAKX03,20:58:18,20:12:00
QAGW911227MEQOTJ94,16:09:59,20:55:57
JCFZ950914MLBXUQ02,15:47:51,21:54:58
UAQJ611108MMOVYE06,17:58:11,20:13:54
TOBP691227HCUVHX13,16:20:43,20:26:58
MTSV951118HDFHLX50,12:28:43,21:30:25
JLCA831229MZOHLB30,18:18:05,20:53:39
ITGZ751217HMXTNV87,8:14:38,21:33:47
KXYW961017HMWZNO10,11:57:08,21:36:55
VXQC601207MXIEKN39,13:21:23,20:44:27
EBDY671107HQAWJT62,12:49:18,20:24:19
PMVT961219MLCZKV70,14:24:56,21:10:34
ZRTC921229HXPVFZ46,11:29:13,21:44:08
GQMK941019MGETJX58,16:46:42,20:07:09
VXME771127MNKXIO12,12:58:35,20:55:17
TPGY961228MBIWJK60,12:08:02,20:17:31
QBFN811018HLVKHN77,13:03:27,20:31:15
STMH981229MGERBN63,14:47:57,21:29:04
TNHK661128MDANMU40,18:34:10,21:04:03
YOHU851229HGEPQB61,13:19:25,21:53:58
KEUN810928HNYEQX26,11:27:24,20:46:12
WIBD911029MNCEWI17,7:33:09,20:01:57
WIUN951219MFCDKL03,18:52:59,20:48:22
PJQR751109MYFZXA71,15:43:39,21:07:39
LXOM821219HMBECO52,18:24:10,20:35:11
IMHU731018HUPJQX83,13:22:19,20:03:55
FCKE901119HNCELW12,8:53:15,21:27:27
XYWE921209HUQBPG77,17:32:50,20:37:24
BUTP631117MOSCZL18,19:32:41,21:19:00
UGDF621229HBISPK63,10:41:57,21:37:02
HLYZ901229MTWHLU69,11:32:10,21:51:51
ZIET980915MKQXJS70,17:06:43,21:57:33
SQBM901208HOZIYM53,18:43:48,21:43:16
BNWO621126MUOKLA66,10:05:12,21:53:49
NQIY931229MQTPCJ46,12:42:03,21:16:42
FMCZ780919MZYSQX78,19:17:49,21:38:35
QNFP921108MCAHUM42,16:25:25,21:57:47
IOXV930819HGPIJL80,19:15:55,21:27:31
NDQZ741009MFBWQY90,17:05:44,20:43:52
CORZ901229MCWLTG46,15:39:22,20:44:07
LNPA981229MFSOWJ38,19:12:03,20:08:53
FTQY951229MKOVQJ76,8:40:47,20:09:16
RASM971227MKBXRE10,19:10:39,21:40:57
KWFB971228MFRXVE56,13:08:09,21:51:40
DAIF861127MZFYEC56,8:05:19,20:19:15
TONA801209HGSJNO12,7:28:29,21:47:18
CMEX941229HNZVIB33,15:38:48,20:51:50
MPRV941129MJLKXR36,15:26:02,21:24:39
MJUA820708HTYWAQ64,10:36:26,20:17:08
CSZU751229MHLYDA84,14:02:15,20:24:26
FJHY861107MQVWSJ41,17:55:58,20:20:05
MOVT931218MYTNGX57,10:51:25,21:29:52
IXBR961127HLAPMG72,19:16:49,21:54:59
NSLI911029MMUDBX31,14:44:06,20:24:22
TIVE970919HWEMCV40,16:00:47,20:18:24
SEUI911128MKTGXS81,16:18:44,20:42:26
WQPT811226HCYTJD87,17:09:33,21:49:18
QKCM921109HQDZBP19,20:02:43,21:36:05
RTDH801117MMTUAH61,7:15:04,20:42:43
SZHX991027MAVWTI21,13:58:06,21:56:20
KEJR631229HUBCRA31,8:50:11,20:28:23
FUYS961229HONQSI77,13:20:31,20:56:23
OGDM871229MBXIDO52,15:41:20,20:50:26
ILCX911126HDCKXS74,18:50:29,20:05:05
DVHR901228HNHLVQ01,16:30:50,21:01:06
CFSO850828HKRTSM51,15:25:54,20:17:58
YLRN811209MJBGPD57,12:23:08,20:44:36
UTFW951219MREICZ35,20:00:03,20:55:33
RNYS690919HTBADY79,19:34:43,21:32:45
BGEX991106MSEPTF65,12:05:20,21:19:00
BNQZ941218MKYCBU73,10:13:57,20:21:55
QRNX911107HHUJAP88,15:15:26,21:33:34
MGXP951207HNLKUX93,15:54:45,21:13:34
SLGJ960909MQWCTY08,19:15:55,21:48:25
IEQD791228MQGTEV14,9:04:05,20:11:16
JTNQ931107HZWQIF67,15:23:45,20:55:03
UDAT671229MZFRQI40,15:00:37,21:47:24
LTZS981216HJCSKW53,9:46:46,21:32:55
QRWL921119MNXOUP33,19:25:31,21:06:45
LZHC970829MKCRLM10,11:37:25,21:48:51
CXWF981209MFRLSZ15,11:03:07,21:31:48
LFCA961227HMYJCD11,17:06:09,20:29:52
AOSN691128HPKALM02,13:21:52,21:22:25
BSEL831209MLKIJP58,18:44:11,21:59:06
TUNI991219HULZSF36,11:03:05,20:01:08
NAHQ891219MCVSMZ43,18:49:26,21:51:47
YBOL651128HYVWZF33,7:34:46,20:42:38
JYHA831127HBSPIW41,15:27:31,21:36:49
UZRL881109HAYHJI74,13:54:11,20:55:35
VHDK791229HHACJV10,17:54:24,21:24:49
BJAF781129MEYGVS54,11:52:54,21:29:59
IXMR961106MCKNVZ60,15:39:22,20:20:53
GKUH971218HKBSLW86,9:08:35,20:55:31
FTLN641229MVBAJX53,9:28:04,21:58:27
VOBY730819HCZMRU45,14:46:23,21:39:19
IRBE911209HXLTDJ74,7:10:14,20:08:49
DOWH850828HTMQOP39,8:24:06,21:09:38
XCDA930817MMYURO98,15:28:04,21:42:33
VXTI930909MSHMLP91,18:51:10,20:26:21
VMCD931209HNOCDT75,9:03:47,21:49:16
KWTQ871226HWMHKX69,12:25:38,21:54:01
XHCS851218HZIXCR99,10:01:08,20:00:31
ZDWO911126MBYKRI73,11:19:27,20:59:44
NYDL811227HOHVDM00,16:16:37,20:17:16
PUJL961007MVXOMB84,13:39:36,20:15:19
ZGTI981228HKVEWR82,7:25:21,21:35:56
PNBT831129MJRCXL45,16:24:06,20:28:36
WAVB981107HFUJKR10,10:15:29,20:42:44
KBFM801219MKJBFC71,14:20:37,20:02:58
NAPX991009MBPEKY58,7:16:00,21:41:36
QDAV861017HUMIKS38,20:12:46,20:36:46
KDTB950928MDCKPO22,20:07:12,21:11:50
IAUJ861128MTEIFR78,12:42:18,21:46:53
XVCK831229MECGTR27,14:14:40,20:24:37
CGOQ901129MKLUEB43,9:15:20,21:44:17
XFKS881229MGIXLH16,8:42:13,21:43:55
CTXP911129HYJVKX72,8:57:56,21:32:00
VMCX821107HHZAXU08,20:51:43,21:56:32
DWRY800828HVDGXQ51,18:25:28,21:12:55
YKOQ851029MGTHCN83,17:09:49,21:05:36
TNGM951209HVMAFZ45,13:51:15,20:15:16
ECKG951208HMKGVC94,17:38:58,20:35:36
IDVG721119MOYJSP34,19:03:02,20:38:38
THGF961009HLSIFW46,17:28:58,21:57:04
SYUD831119MWAJMI24,14:54:16,21:51:32
MLPR951028HHWJYO98,11:00:21,20:59:07
RLNJ721219HPQKLT04,17:10:36,20:42:24
WGOE851225HSPWAN78,20:18:05,21:12:30
ZSQU991118MHWUBL02,18:08:45,20:37:32
WZRH741227HBQDIA96,18:01:34,21:05:08
BOSX921029MGEPUK91,13:10:23,21:47:01
KTYX991218HQPHLY17,14:06:33,20:45:27
LMJY941129MYIJKQ89,8:18:29,21:58:01
WNYQ821229MYKXJD09,15:07:25,21:59:53
YKWN631209HXGMKC56,13:03:24,21:06:09
KQHD741219HODWGU62,9:15:30,20:39:15
UDJC631228HOANXZ03,15:00:03,21:01:54
XHRW961206HVTRHB06,19:22:45,20:27:54
WEOH681001HJZXOP48,14:58:14,20:17:58
WQUZ951226MRQWPU54,11:47:19,21:48:53
VHCF981228MUXVTS68,7:21:27,20:31:30
GFCL731209HEVHTO79,18:38:12,20:57:57
ITAB891208MNWXAY69,9:28:23,21:17:33
YDCE631029HGFQCW32,15:21:28,21:14:51
UQFB731018HYPAKN69,18:47:37,21:36:23
KEPY951129HJIRHG10,14:14:01,21:22:07
NMEV921208HAQYNP36,17:00:54,20:38:22
QZPR941218MRQMPA70,13:30:47,20:50:39
FXNK641229MUQAZE44,9:55:25,20:52:19
TCJI991118MFXHMP09,14:51:21,20:55:02
QZXO951018HRTVZX90,17:34:31,21:51:19
QBVF921208HXVKTR71,10:12:57,20:31:31
OCEV891228HSMXTE52,9:48:39,20:12:17
FJNX961217MAJWUS22,15:44:22,20:01:58
WIUZ941019HVQJOE94,8:20:12,20:26:05
EWAQ971127HDIBYT25,15:19:16,21:04:36
NUGD881009HEBUIN30,8:40:03,21:27:39
TIVK991029MXYDUP07,11:35:39,21:17:56
PNYL691109HUFAYC98,14:07:20,21:46:37
ZUGN981228HPYBXO82,7:20:16,20:13:59
VOKF701009HMKTPA07,16:33:11,21:14:26
PIRN861229HGOENV00,18:03:35,21:33:07
XRJD991208MKVEBL83,20:09:44,20:16:54
VTQI701107HUWKSG82,16:47:29,20:05:10
JXON740928MDKOYC32,11:16:17,21:47:28
IFYT901218HHTKEJ32,17:58:00,20:44:30
FWCA671108MSIYGJ00,11:30:27,20:41:14
ZOCH941029HWUEOD86,19:31:37,21:22:31
ZBFV900919HUVLFM93,9:06:12,21:35:19
KHZP741219HNRVUM07,14:37:29,21:29:39
ZGBF871026HWCKXO42,16:16:21,20:23:05
EHIP911128MHNBJC68,10:26:06,20:34:32
ZCWG690729MZWISK53,14:24:05,21:00:28
BFLP721229HIFWPM47,17:00:45,20:53:36
GMZT901019HNSAZH63,20:37:04,21:53:25
YZEL770929MQHDUT07,13:08:19,21:07:43
LPSR940909HTUZAD24,7:16:57,21:31:14
IFDB811028HDEHRA50,11:40:38,21:47:44
DPVW710923MYDEVI91,8:27:44,21:49:06
AQBC821127HAYNMX06,20:38:46,20:12:39
LRBD871028MRWPLE37,13:06:31,20:28:25
SNOW681129MLJBNV87,20:50:41,21:10:41
FMUV851218HEPASD72,18:49:12,20:07:39
XBGC831008HKNJMT64,13:46:59,20:56:51
YPDB991209HWZXSI58,16:11:07,20:36:21
CBEK971219MGHCLI03,13:33:51,20:36:58
NMZH901229HIOHYN81,8:22:28,20:47:18
JSAX801219MVGIUB65,20:35:07,21:37:27
PWQF960919MHWXGE90,8:49:18,20:48:12
ZGAE671209MBLKGV24,18:49:29,21:57:50
VPQY941027HGXJQV72,13:25:02,21:36:30
ICMJ651207HUPDJG49,10:19:05,20:59:31
ZHJA931129MSEKVO26,19:32:03,20:45:36
JCIO921109HVCIFZ04,13:56:39,20:25:17
TEMS751119HLQCVS31,16:54:20,21:36:47
KWVX691228HEUKQG58,19:39:38,21:38:27
WBCS890728MSHBXF30,11:32:31,21:29:22
YFKX981229HTWAFJ22,15:57:55,21:51:35
KABN850919HAJKMX61,13:13:13,21:56:03
RZUT881019MNEWPV48,19:26:15,21:30:19
XROU961129HBVHQO76,8:46:35,20:47:22
JYXR971127MVKYOW60,14:30:41,21:17:46
XIYM821127MMCXQG26,8:57:01,20:37:30
JFVT601228MUPGNI72,17:16:30,21:11:31
DCWG981229MSVBIG52,13:42:43,20:07:15
GHMZ761107MZDGIY12,9:09:19,20:24:44
GVMH961029MEXRGV82,16:59:08,20:54:10
TLAI681209HVMEWX00,9:05:35,20:13:09
YUWH951117MPJXVQ82,15:34:59,20:41:06
QCBU921125MRJCUP59,13:42:27,20:32:37
LSNZ921109MRGBNE87,18:18:25,20:46:48
YVNR741229HRWPUZ78,18:27:04,21:55:34
QNXU911209MZHXDV16,19:03:58,20:36:12
WILC991008HJDOGQ47,7:25:05,20:32:17
FAMV980926HTCKHJ47,13:14:07,21:20:27
AYWG801019MRUXVC39,9:18:28,21:33:36
NKIP901227HTQGKP20,9:04:23,21:13:14
NTOU611028HCJXFZ41,19:33:12,20:15:51
ZMIR621129MYGLNS10,7:34:19,20:13:03
UTER991228HIPRWD15,20:19:18,20:46:12
BTZJ621119HKIDTL72,16:10:21,20:26:21
IJNY871229HHEDTF23,13:00:14,21:32:14
MLQW671009MBYQEV14,9:24:43,21:34:15
VQXB781128MSNITK26,19:57:13,21:29:53
FYIG971129MOESJR72,20:19:15,20:46:26
RYSA951128MVMKHT72,13:37:30,20:05:07
RKWN991218MOLYWX24,14:33:29,21:25:04
KUYP701129MLTDPI28,16:35:24,20:53:46
IWPC911218MDSFWA85,13:23:01,21:36:03
IYTR941119HOFHGP94,9:46:18,21:58:13
XKIV941228MUDOHM72,13:06:32,20:16:08
WVPO851229MUXNFZ07,8:11:35,20:48:23
HFOR911129MWVMKF91,16:05:17,20:50:22
DKCW711117HEZYDC67,14:45:13,20:11:47
DAOE691229MYJUNX08,12:41:37,21:14:36
UHZB941219MMQPUS31,18:38:54,21:57:36
VADO641209HHVFTU01,16:53:47,21:48:51
YNDP891209MDCRZQ86,18:08:30,21:29:44
NAFB941009HDRMWQ24,15:46:58,21:52:08
SGIZ921219MSTZAH92,11:21:22,20:39:08
EOFW991028HTBHNI23,13:03:40,20:52:25
PFMR860807HPZQKH43,8:33:14,21:30:03
RGJQ861106MLUWDC13,12:36:10,21:39:20
WJFO901217MVCGNI29,20:04:33,20:22:01
FVZU931219HOGJKL82,14:56:01,20:49:42
OXPD901117HSTOEP09,9:29:06,21:54:50
ZSMJ910528HOVJYB93,19:07:03,21:21:22
RLYC741129MEDYFO31,8:48:27,21:09:49
MJZH951028HTOGUZ16,17:53:40,20:02:22
WLAQ991104HEAMGZ58,9:38:31,20:25:40
KPBH631119MZVTNK35,8:48:41,21:39:12
CYVQ641128HOPMIB40,15:48:07,21:18:02
HDBO641227MNAULQ86,11:50:36,21:02:56
NQKS950906HEVABY30,18:43:23,20:07:39
ACJY870702HKJWMY13,18:55:25,21:41:30
UHDO941119HKAFDW31,20:11:31,20:59:01
THVK961209HDQLAM47,16:25:40,21:40:05
CWDN631209MWTUZL59,11:01:36,20:27:42
NTWZ881225HZHGAM67,11:16:34,21:25:27
HBVT831109MRJOSA14,10:23:56,21:46:58
ZTAY941228MLSCFD30,12:17:16,20:13:14
WMDI631209MVNYDQ58,11:50:38,20:07:22
FHVM921016HGIBDN99,9:05:52,20:09:08
ZHJM771018HLZWXO00,19:46:28,21:01:19
OUKL991226MRKCXV55,7:44:13,21:57:33
GAHP931227HXUZWQ69,20:08:04,20:36:46
DSNQ901228MYCXVE00,7:01:01,21:51:00
WQVO611209MBHKYM49,20:36:20,20:28:34
WCAF851208HPADKY78,9:51:53,20:16:09
TNXW901219MXAZVE68,13:06:42,21:34:08
QMXV601128MGHLIQ98,14:06:04,20:33:58
KMFP991008MBYXGQ83,7:05:59,21:00:43
ISMW601128MPBHKO24,13:21:31,20:56:27
ZOXW951129HVGUCS84,17:39:49,20:09:07
VHWS980929HNPTHC55,19:32:50,21:33:37
FJRC971229HKMVWZ59,18:30:26,21:29:52
SCHK871229MOABDP17,17:23:37,20:26:41
RQLX901126METWKC55,20:26:26,21:13:15
HXFQ751009HPOXEU83,13:06:19,21:52:59
ETUM961106MGTQBH54,16:52:11,21:01:25
YKIS631029HAFQJZ04,17:14:56,21:06:59
LQVB661229HZTPHY53,17:21:52,21:32:25
PXTC721123HERMYU81,8:05:53,20:15:33
ECYR820709HBWFLQ87,17:14:00,21:23:43
BHMZ681209MTXVHC60,12:07:53,20:22:35
GVQP791128MUXBEF24,13:20:43,20:51:38
OLBS640729HJIXKB11,15:56:41,21:31:33
ELFW801117HCFANQ79,17:46:46,20:05:19
AHDI900629MIOSKH24,17:03:02,20:17:41
EAKQ980607HWXOGV75,20:27:30,20:25:49
NCOU791119MLBVND29,12:53:29,20:04:48
AYRZ711226HVOAXJ62,9:00:14,20:16:29
QSEX921209MGDPXU20,20:46:37,20:00:40
WAUC601208HQWNJS80,20:10:17,21:47:09
JFBM801204HVGXNS61,10:39:57,20:42:06
PLCU941129MHQMOL57,12:41:44,21:47:43
HANU901019HICYNS20,8:12:25,20:49:51
MBPN731209HYUMPN01,15:16:18,20:28:15
AWDM890809HVOYNB70,16:08:08,20:21:53
NLZX950629MEBQXJ79,9:13:54,21:32:51
MHXB671205MVBWEP12,9:47:50,21:32:16
BYFG871229MSUZIF88,14:55:04,20:35:47
YPOB901209HJINPL52,15:32:39,21:24:04
QWGR661129HCKMNW13,17:50:34,20:46:18
DENB921229MVJPEO83,15:10:11,21:51:27
FDQL910906HMHGBL35,10:40:28,20:12:44
EILW811207MZIMGD13,9:57:02,20:08:11
RNCX991229HCGFNO16,17:41:08,21:45:51
IAVS891128MIQYZJ60,8:41:26,20:00:33
QLWX921219MMQZWF22,18:07:20,20:54:53
YLSB990919MEQBDW91,12:26:44,21:40:51
JYGH991027MYRZSV61,19:41:35,21:13:34
DXUZ981229MPHKRU29,16:17:32,20:04:32
BUKT971129HDKCBF25,9:12:12,21:36:52
HQDY601219MQYPIZ64,17:45:17,20:36:00
FDVS921029HTNKWG83,16:58:20,20:11:43
BVUM861129HWTGOR68,7:15:37,21:33:29
HMGC920909MFRUOZ54,13:22:36,20:39:55
GOCD981228HLQCVF65,12:35:27,21:17:02
NHVL891019HJBMTX59,11:50:44,20:37:24
CWNY961229HGTLZI36,8:14:16,20:33:10
VEQT611228HOPGBJ12,20:57:20,21:40:18
GCMP901229HFHEDN49,12:46:39,20:53:36
RCUV871108MEPWGY29,19:33:55,21:15:42
FAVS721226HVDJEI36,11:06:33,21:22:58
RUJX931218MPKWIJ68,17:05:27,21:52:39
KFNU921109MRCMOA18,12:16:13,21:58:37
JQBX991207MLWSHN94,15:52:56,21:22:24
JLVX991225HFVKPC91,19:42:26,21:39:42
LKYU931219HBLITQ57,9:04:51,21:09:05
KCHU791219HUMCLS84,17:22:01,20:29:46
UQNX991209HVLHMC65,11:07:08,20:20:04
XLTW821228HKMXHT63,12:11:33,20:33:53
GYEA821207MXPLVD09,9:27:18,20:21:50
MDTY981219MPQRBE03,9:51:14,21:26:37
JGPX881208MJIWFH80,11:11:02,21:24:28
IEPM781225MLUSEK48,10:10:41,21:34:58
DUXB961105MJTRWA76,11:59:02,21:13:41
KCJX681219HENAYM35,8:53:17,20:33:44
DMOV770826MBTVZQ47,18:47:41,21:04:48
VOZM671227HURYME68,19:19:32,20:13:42
CXIQ781009HTUJQV55,11:28:02,20:11:31
DIRW880927MENUIA14,14:43:22,21:13:17
JKQZ821217HPFTJX48,7:46:08,21:12:12
QGEI951229MOQGLZ49,14:14:17,20:15:52
LETQ750929MAHEGK14,13:09:48,21:11:11
OVLI921119HMZUKF94,13:57:58,20:34:20
HAMK891009HJYNXB24,9:40:25,21:24:31
ERUM861129HRSVMA37,15:39:51,21:50:03
JUSI651209MODBHA43,19:39:38,20:30:18
YPAO701227HOQHNY52,12:43:24,21:04:00
AUNS831029HYZMPN90,15:51:34,21:20:56
EXQA791227HGAPZX76,8:46:03,21:57:22
DRHY691119HHJGPI56,12:05:53,20:10:52
DSQB901122MXCZRS48,20:32:56,20:12:46
RVBN971218HUIKMW11,16:48:50,21:05:30
GVOD971229MLRGNQ18,17:50:00,20:48:01
HNFC991207HMGTIJ35,17:02:42,21:42:27
NVDK970919HZVFYL51,17:23:48,21:55:53
NKES991226MDQVKT95,17:13:29,21:18:10
RWQM921225MILTDM66,15:02:40,20:57:34
BTKS941217HVTWQI10,15:45:46,20:45:31
YINS881219MUQICG99,11:55:44,20:49:53
WCDV860829MILFTD86,12:54:56,21:45:51
PJGS601209MGNULQ22,20:01:34,20:40:32
YMLK991209MBOYCP99,17:25:01,21:38:26
CNUQ921028MVAKRG71,13:38:26,20:06:41
PXVC921119MFPGNC07,11:26:17,21:26:48
RQOK691208HJFGPM24,18:43:43,21:37:37
YADO661228MRVMAZ03,11:39:02,20:13:41
RJWL911206HIQVKF92,17:20:45,20:16:31
WGYZ771226MGXBCI24,12:37:39,20:58:49
EKTU641108HUWBPK65,16:47:29,21:41:57
JHPF931118MVFLSM97,15:20:08,20:02:29
WAYQ981229HRBUJH30,15:21:00,21:33:32
NIBF901228HMLNBE71,20:55:25,20:28:16
BUVC911229HVXHYG64,20:28:53,21:31:29
OYFJ791117HYBPDO10,9:26:45,21:08:28
ZNOY821009MYLSKE85,14:00:16,21:03:07
URXZ621218HGYMJR71,11:48:03,21:34:26
BWEJ991127MKZOPF10,9:57:34,21:04:16
FCZR941029HAETXO13,18:18:11,21:43:01
PLWH941219MUJXPF87,13:39:36,21:52:09
WMAT621009HWAHKT76,14:00:29,20:46:01
AGMB790929HFVMKP82,7:52:53,20:54:06
TSOZ651228HHOAMI04,18:37:42,21:35:47
GIQA991129HTNRKM18,19:35:57,20:05:41
GRXQ991205HHSMLE19,8:36:39,21:02:20
UMOQ991209HMUJRZ62,12:25:54,20:22:31
LZKE911118HCLBEM15,20:54:11,21:23:07
ARUX961229MQSKFZ02,10:45:37,21:50:03
PCGS811226MGQPRV53,7:26:36,21:20:13
AQHX911128HSUDXA99,16:03:43,20:28:33
HWPU971229MTUJLI39,10:06:03,20:43:03
XBAT971009HPWVGD24,18:18:26,21:12:14
VOPC851019MAPSJQ04,12:59:38,20:58:08
EBIM801219HSHLVR19,20:30:28,21:05:26
CWKJ621227HZBFPO06,7:34:28,21:24:57
NOQP941129MRZJQO73,13:12:25,20:31:16
UMJO951116MUTSQH70,17:05:36,20:04:52
JQFP721129MBEIYZ65,19:05:09,21:11:36
TLGN931129MFKMEV61,12:35:26,20:57:29
UHRJ871208HUBNAG45,11:21:07,20:39:01
FHEU870909MTXQZH25,13:16:10,21:35:12
IEXY801208HXMAQO87,13:57:48,21:37:13
MISP931209MCGNDB24,18:48:30,21:20:32
NCTQ911228HSDLBF32,17:43:14,21:45:24
GFLJ950917HRTWFB66,13:57:05,20:27:07
JKAW681228MEPMWH01,11:49:04,20:09:15
NYQT941218MZDGTB45,12:11:16,21:57:05
CWUS971009HFXDHV55,14:33:07,21:07:28
OJFT951227HWMXIG21,16:26:13,20:39:22
DRVC981129HXYJBS71,9:34:49,21:11:45
WMQJ931227HCYWEB85,19:26:24,21:41:20
NRFL981126MNVCYH69,9:33:34,21:42:47
EBQR901029MVIUZD82,7:01:59,21:09:29
LPWZ961209MABKVW45,18:24:35,20:07:55
SUJR911129MFKEIN57,17:11:05,21:06:04
FTAI900929HFTJYL59,16:49:35,20:30:04
LMAN931019MBOAPJ24,7:52:01,21:16:48
RBPH841217MIWTQX65,12:51:58,20:36:13
ISUN921207HCRPKU59,7:29:49,20:34:49
IUJT831029MNUCYI26,12:02:19,21:28:54
SGYW811006MZTHRJ96,17:57:34,21:04:29
SDKC891029HEYMBN39,20:25:49,21:05:03
YLGI990429MXPCHL66,11:07:38,20:02:07
MHPV861219HFPYQS86,10:40:56,21:58:42
GWFS690919MTMEGU97,15:03:12,20:12:56
BSNV841228MEOMZP97,15:32:38,21:00:30
LWGU811209HPQAZM66,13:55:18,20:30:27
HYSE971228MPCHJQ50,18:47:19,20:12:40
LMND951218HEARZS15,9:20:35,20:58:07
VXNI841129HIMDXN74,16:09:14,20:27:19
JSRO821208HVWMTC12,8:34:53,21:39:11
YKJH851108HGNOTZ28,20:47:19,21:02:00
KQAN721129MOSXZR28,13:44:49,20:43:32
JYWR781229HWJYCN33,20:16:15,21:40:18
UVPF821228MNWQXL54,14:32:37,21:18:14
YUPA851129HUZXKI21,16:44:33,20:26:28
PLIH801029MOGXQN46,12:10:12,21:57:49
YSQE711128HWJRTI25,11:15:53,20:45:52
ZIWY761228MNBSPZ78,20:22:59,20:51:55
EZKX971126MRCHPX65,18:39:16,20:50:18
VQRS921028HZWOHC24,7:03:38,21:21:37
SHAW971007MNMJFD54,15:09:25,21:16:05
XAFU721119HAOYNI38,18:23:53,21:09:52
MHKE700909HRTYPZ73,19:35:31,20:54:28
OXLU811129MITXEV49,8:41:58,21:42:07
TKCL981227MRCZYE74,13:34:10,20:41:12
CFDE841219HFVTHI31,13:00:53,20:23:50
USJI971107MOAXIQ26,17:07:14,20:41:43
JQPU991219MABUSF04,19:35:56,20:41:31
CPVU911227MDBVOG32,14:24:35,21:29:10
INPG711218MZKXPI32,12:36:01,21:24:05
VMEB731209HVOKYL68,8:44:37,20:41:22
XWSI801119HZIFDR86,10:11:14,20:54:57
JYXT691119HEPHVT50,11:05:23,20:02:13
TEBQ901229MCSDKG65,11:18:37,20:09:18
NAQK930809HQTGON58,20:04:16,20:40:07
UOMC751129MXEOKC52,15:31:42,20:23:14
BRTC801229HZYPWA03,13:27:46,21:02:40
MKYR831116MIRAVE76,11:29:20,21:35:40
ITDF931119MXSCAG77,17:06:14,21:25:35
IPHK601126MIXBSM61,8:56:16,20:12:24
TRPJ601209MSGIQZ46,19:31:02,21:24:07
BESQ880829MSAPLW21,11:36:38,21:41:58
CXAU981028MBMVKU15,8:53:52,21:39:13
TCKE941224MYDCOV49,9:06:51,20:28:31
FARS980927MJMEFW90,18:07:56,20:58:05
TSEM921129HMSXNU37,16:58:12,21:35:57
DSTK951129MVOMAI32,19:35:18,21:09:12
VSMQ931229MXAFLV52,16:55:07,20:19:18
JTQU961126MNGXFP07,7:21:17,21:55:08
ZUVL911227HMIUGX60,18:27:34,20:14:31
ORLN981229HEAGNJ24,7:03:10,20:56:18
MCVR871229MKFMHL61,11:14:56,21:03:29
MEVS831225HFTSYH86,9:54:18,21:16:54
DZMG651128MIPLOW46,18:05:26,21:37:01
PZHG981217MOXITF55,18:02:11,21:33:48
CHFM961127MMSAXK18,15:13:25,21:39:42
RIKN921219MVWKBQ89,11:35:20,21:19:04
JUHS941229HLCDZS19,8:52:12,21:08:27
FAGW671227MNLFXE64,18:47:45,20:49:00
DGJU901129HXWUPS67,13:17:08,20:29:22
IRUN961226HKDLWP90,13:30:18,21:26:53
YXUK981229MOIQVZ16,11:31:30,21:41:56
EHZK951217MJCHIY32,10:21:16,21:16:18
ZJAM821109HACQNK17,17:13:48,21:12:39
IBUS881217MSDOAF21,18:57:48,20:41:28
PNJX940916HADJQY51,12:22:15,21:23:26
YDGS981229HPEGLX29,20:07:56,21:21:53
OZWI921029HWGBFP01,11:26:37,21:08:53
METD731108MKTNMB41,8:53:46,21:55:44
XOTR631208HWCXGA24,18:01:13,21:38:55
ADGJ841106MTRHOW65,7:57:57,20:07:48
URKM861207MXRAYL91,11:37:40,21:59:33
FXZE651016HLNJRW03,17:54:52,21:58:32
UEXS981229MZPRXH88,10:43:12,21:06:43
RMAO971109MVGRDC11,20:24:37,21:14:29
FZWX600817HVYZBW79,18:08:09,20:52:02
VYAQ821226HRDFMZ50,8:02:18,20:40:03
MGBR851127HQEAMG95,16:18:14,20:55:04
JTQE871028HVOPCZ78,16:28:23,21:48:53
ZDKJ881118MVEDPO91,14:19:17,20:36:05
ZCRI821119HPKGIU66,12:34:22,20:15:14
RJHO811227HBRWPO40,14:19:09,21:54:34
MUQW771219HQVCGU58,12:33:20,21:55:04
SKZM821129MULWXC44,15:27:11,21:15:53
TUPS651119HBDORF92,7:04:46,20:00:12
JTWL811009HHVOUL23,16:49:39,21:23:25
JYRG661218HRWBTD06,12:27:50,21:22:18
TQME911127MFEUOZ18,12:20:46,20:23:32
VRTB721029MJNWDE11,20:08:49,21:36:09
PKGO971228HUQXEF57,16:06:57,21:07:58
TJMB951209MJNPKH82,14:05:39,21:07:37
LWPT791108HBKRSV67,18:09:01,20:17:44
ZYGA991009HJKBGI57,10:10:47,21:44:35
QPAH981129HVHEFA21,11:56:03,21:10:01
DTYC631218MZIQDM87,13:06:29,20:23:56
RBQP991219MNCEJQ04,20:56:48,20:51:18
TYMJ970929MFISDW33,17:12:34,20:50:26
NTMZ660308HPQHIS74,15:51:40,21:24:14
USVJ761116HHPLVS08,20:53:52,20:59:55
HCYQ611129HSDCFG94,12:29:25,20:14:33
IFOR620909HAHZUD17,16:57:31,20:14:05
WISZ851127MEJDFM15,14:30:08,20:09:52
TNXE930818HIEPMQ09,20:12:18,21:21:16
NWVE911227HFDHTR95,10:16:15,20:26:58
AFCD671029MQJETV80,19:50:59,20:10:05
AZHI841209HBLIFR26,18:28:12,20:30:48
BGAR941224MPGSRT26,15:29:47,20:46:45
JQIC971228HXJDYV09,9:35:32,21:41:58
NHIV711217HTXBIK02,10:22:38,21:43:37
CJLU960709HUKFJY74,10:04:06,20:22:20
NBTK831119HQATJK75,20:08:13,21:44:44
CIHO801228HIWTXY91,10:26:00,20:52:07
YVDN951229HINTDP03,11:19:01,20:25:18
VCIQ801229HNGTQY72,14:57:00,21:29:00
EWSF881029HXBUTM33,7:13:29,20:51:06
RGEU701229HAWLDB34,8:27:36,21:13:46
YNFA801208HNJYWG87,7:15:00,20:25:46
KYZH901219MYPTBD31,9:06:34,20:12:52
OTYR901229HDJAEB70,10:41:00,20:50:55
TUXC991109MOCXAW51,8:20:32,21:31:03
WHYX821209HOMRJA07,12:28:51,20:34:46
HSCG870927HNYZJH13,15:10:25,21:55:32
YMBU921129MVGXMR83,14:33:35,20:24:43
ZLCD781227HDSUBA03,8:29:07,21:59:13
NBKR891221HFQSIT12,10:24:51,20:56:27
DSFX941229MXARPL71,13:00:38,21:20:00
KLCU911228HGKZDY85,7:18:19,20:18:12
OISY681207HFBRJM08,17:51:50,21:00:58
PEUQ741208HNOEUG60,16:35:48,20:32:56
FHUQ731019MIQCYV98,14:28:03,20:11:43
RZDP991209MIWKBM47,13:42:38,21:22:33
AKZQ651019MKFXHA54,20:51:08,21:14:05
WNIH721212HXQTJV43,12:20:14,21:29:11
VWGH891218HYVSGF08,10:20:49,21:52:33
FBWM991229MLZOBC41,14:13:11,21:28:38
NUYO641219MNDCOX77,12:59:11,20:56:00
KGSH981108MUSWCB17,9:54:05,21:32:47
ZTLX961229HBUJRP04,16:22:17,20:18:35
DWZB931009HCUBQT26,18:43:10,21:29:27
PONK841209HQBVMK44,9:07:04,21:10:23
NXJL661209MVMBSD40,8:20:13,20:24:47
TEJN911118HLUYGD34,10:59:54,20:25:52
VTAU681229MULWZV53,9:55:06,21:23:03
YZQP670728MYCUVM28,12:32:38,21:37:14
MOSE840819HBKOIW61,11:07:15,21:51:30
CVOW871128MGMXRL71,10:45:55,20:59:13
TDZW961208MMPVED89,7:24:02,20:45:34
KITY851128HDLYIS80,13:37:31,20:32:20
UQHR801228MAEBJO55,17:14:45,20:14:46
TWKR891114MKXSFE25,19:05:56,20:16:34
ECWP921105HNFUDG46,17:10:39,21:12:47
INGL691129MKMTUV92,19:54:04,21:53:12
ZCWR731209HVFBTI41,10:20:14,20:47:20
ACYT960916MQKXJY01,8:58:42,20:31:39
NKDE751229HBXIMA74,12:59:15,21:41:42
CSFI921225HKYNHR61,9:54:20,20:55:14
NQXF830919HIUJVN47,18:17:38,21:29:15
NTZH901128HNXCLG89,20:51:11,21:29:08
VIQU921028MRGCAX86,13:36:47,21:27:57
FROL871229MIRYZK94,19:05:10,21:10:24
WBTS921026HMILJS55,20:04:16,20:56:11
ZTUL761119HIDNVC40,20:11:31,20:41:56
FMLV711226HODQSI59,14:08:48,20:11:47
UIEN961219HUWHLK53,16:33:41,21:28:16
VSMH991219MRTXKE68,16:16:31,21:21:01
TAZX811118HFCYMA06,18:10:11,21:55:08
DLTK821226MBCEZH39,17:09:04,21:22:49
ZEIY911208HRFHIG43,14:51:51,21:58:15
EFTS941127MLEYIA39,17:00:49,20:59:58
KATZ641229MSGRVE67,9:35:43,20:30:17
KDJQ950918MOSKFP40,11:16:28,21:07:48
CNKE811218HRUGTN20,13:35:21,21:24:56
NLQU950918MIPTHB57,13:01:49,21:45:49
FXTW841024MKXGFC42,13:30:41,20:11:26
TWSB921129HSPOYW12,13:16:05,21:14:44
QLYM931228HWDUBJ85,16:25:21,21:07:16
FEXU810608HTVYXD15,9:42:47,20:18:26
AQWL911129MWDROI15,14:20:03,20:44:01
DWPT950829HDAPON17,8:46:20,21:45:38
LWNH970929MIRXUQ84,10:26:57,20:52:21
OUKS931129MKAZTW66,16:23:41,21:17:05
AXFM800927HMJLVA64,12:50:38,21:46:01
LAQC721109MEFQSY03,18:58:00,20:28:24
SPNC971128HCUYHM41,16:30:38,21:29:04
LDHT671227MIGPLT72,9:04:05,20:41:51
PEIL731129HKYBZT24,14:33:57,20:52:04
WSKF971129HQCZDX18,10:36:56,20:29:39
NIEM871119MOMYVC29,13:09:18,21:59:01
ABGZ991029HNUSZE45,15:41:59,21:01:19
CTOI971229HSHUOE20,20:45:24,20:12:55
MDZF751217MIHUSX21,20:36:45,21:37:34
DAKH891227HSMTAW34,14:52:06,20:33:22
NCFW801129MEKNJV50,11:12:32,20:58:22
PXOZ921229MXYURN55,17:25:51,20:20:56
FOPL911026HNWZPE70,13:54:56,20:10:40
QIDP871227HPUOJZ19,18:09:43,20:01:45
KDSU871218HRYKLI13,11:19:05,20:16:55
JBVT921128MWISHP68,16:53:11,20:28:41
HKAI781029MEMPJS24,19:14:04,20:36:35
RQAE681217MOMNXK21,19:21:54,21:03:01
UPKI761229HFGCMN71,7:44:23,20:07:24
AIVR901228MXEHSD68,15:23:19,21:22:21
SYZP991129HOXJFW58,8:41:22,21:14:38
KGZW951229HBNDLS81,12:36:28,20:19:47
QLFS771128HSBNFL83,16:20:05,21:09:40
YXRC981128MXNAID90,8:20:54,20:21:25
IXVM881219HAPWTI68,20:09:47,20:49:20
HZEP811209HCUSYG81,12:02:28,21:25:22
HLCX631226MUIVDW70,18:02:03,20:52:43
BHAE801126MKYFOH74,11:44:16,20:02:06
LXHO921028HVPLSU17,18:46:24,20:17:20
QZHD951219MIDPBC02,18:37:12,21:19:56
TOVE831008HZDCMU55,17:47:58,20:31:29
RWSH911218HMPOLS32,15:01:45,20:59:37
TCWO911118MNHTEL14,20:48:12,20:10:14
SCLT991219HCHBRI32,15:40:03,20:02:23
IWCE981208MNTOEV55,17:13:08,20:00:35
VZHQ841209MVIUPZ29,17:04:10,20:11:38
JQEZ910525MFBLWK30,19:01:48,20:43:06
CEFB911128HFWLNU71,7:39:53,20:21:00
XNAF761128MENSGJ14,19:40:30,20:30:57
JEQK901027MRKEXW26,14:50:53,21:29:40
ARXQ911108MCWAEQ72,11:15:53,20:49:44
XAIV741217MXUFZM53,18:57:44,20:56:36
MQCR631229MCWXJF58,9:54:10,20:44:05
QAUL841107MYXCVB77,12:33:24,21:30:48
HFRA921119HXKZSW00,13:40:58,21:57:52
KXIB631219MPIEUV92,10:52:02,20:08:59
EKBN941029MLSRWA85,13:15:54,20:01:48
SJZI960629MMEZWN66,7:56:35,20:41:59
CTVX950829HISLQW97,8:52:47,21:54:38
NDPT831207HDXVRB42,7:37:08,21:19:11
BPHG981228MJPRNI91,15:18:35,20:31:50
ZGYD951228HGIVFU98,7:52:11,20:38:30
JDHI811209HBAXVT86,8:29:33,21:20:09
LEIV950706MNXMFO67,14:24:21,21:14:38
DPLU691218HPRKBD63,18:39:42,20:12:10
VGIC971227HRLPIS03,19:16:40,20:48:49
AQSM901219HOIXKC44,15:57:46,20:31:24
KWJZ901119HQLYFE92,17:04:39,21:07:25
AVOC941208HRASQL22,17:38:26,20:45:51
CFYS921128HFPVDE41,12:30:13,21:03:25
ZJQB871219MGFIXC55,11:13:26,21:30:23
LWPH901115HVQHSR22,8:35:55,20:02:23
LXBF941229HEXLSR72,11:47:54,21:16:20
YAHL821207MXHPZT98,12:17:30,20:38:46
GQCY821006MLKMJQ13,7:48:14,20:01:30
MERJ881209MSYDPE26,15:38:25,21:36:13
WNJE991227HXURMH89,15:10:50,20:45:14
DHPN721207HGPFJR15,7:23:20,21:32:34
GAEU871119HPERXG23,11:41:45,21:41:45
JMEQ841109HHEOZD39,18:38:19,21:52:44
ISXJ601219HHFJIE85,15:49:43,21:38:30
KQFB921128HMOBZJ44,13:00:48,20:39:53
ISBX741228MKJOFA18,9:52:43,20:57:48
WQUF871229HIFHOG43,11:45:24,21:43:58
CBUD781229HQYEFG37,11:17:36,21:29:37
HDYS671017MUMLSY00,17:20:24,20:24:51
WEAT821127MDYLRN01,11:15:01,21:08:52
MDAT971209MYTCRI19,17:18:03,21:30:45
VHAM691219HFNEVX69,13:22:20,21:22:45
LTYR641207MZVWPI44,20:26:15,20:00:05
VSOR621229MWXQRZ52,15:46:30,20:59:23
OJIN881218MAQLZP84,8:04:33,20:17:35
UVLH891208HXJQPS02,18:00:18,20:06:43
EHQV981208MCTQNU68,18:25:31,20:01:47
BZNO781229MIWCXP73,20:32:46,21:28:23
CSPV711027MPAZCK60,13:40:22,21:51:34
WMAL721027HUJLZI09,12:57:21,20:14:16
FTWQ630218MRDVJP13,15:02:07,21:26:59
PFZQ921227MDRTNE20,20:12:53,21:04:09
OETA801206MXHRAU80,20:26:11,21:41:14
SHNO831129HNGFRI17,16:55:13,21:57:16
AQIB971229MZBMIF08,20:36:20,21:59:26
JHUM971229HDJRIH08,15:16:55,21:34:46
VRPM981207HKIMZL44,17:10:03,20:26:30
GHOI821109HZVAPD72,15:28:10,20:08:57
LDTQ651219HNUKQT86,16:32:48,21:47:24
LPIS951128HKNFJA29,19:19:00,21:13:52
WZKF961219MYWVXD27,10:33:13,21:02:30
JGYZ791129MNJYDQ85,11:47:02,20:47:34
HXDB831009HFULWE59,7:12:18,21:15:57
EFMS971229HLGWCN97,14:00:04,21:10:30
KVOI950926MRDLIG45,17:31:16,20:22:18
CBNL971227MMEQCK92,17:14:45,21:45:12
HLRZ810929HUEWDI69,18:06:52,21:04:11
XZNT881219HOVMGY24,10:38:54,21:09:27
CWPN801227MXZOGB08,8:19:23,20:15:40
RBDV620728HTMHJR10,7:23:04,20:19:21
MJXK941219MEUBZS09,9:01:49,21:09:54
DKTU991226MZKUXM63,14:22:43,21:21:03
XOEH801229MBYUWF40,7:17:26,21:50:20
VFMW811227MQYZMK54,12:28:20,21:58:04
JDES760804MJMHUA69,15:33:28,20:35:32
TOCF861219HOSXNC29,16:01:49,21:15:31
NVTU991216MVXBNI60,19:29:10,21:58:59
ZVLO971109HSXATF86,11:16:39,20:32:14
RFGQ861028HKIEJZ95,19:02:00,21:01:00
MNAP991228HDHBXM09,8:45:14,21:39:52
AOCJ671226MOEKFL01,9:15:13,21:03:31
MJHC951219MZVGBL17,19:41:54,21:35:41
IUSL981219MWIGQA44,14:05:28,21:17:48
ABPH970807HHLTON31,18:40:44,21:01:18
SCWY971218HYLTXH79,18:10:24,20:37:57
KEYU921009MLUYKT52,20:36:17,21:20:13
FWCH920728MJHIYZ87,19:08:16,20:57:44
RAYN871209MPGEMO88,7:17:33,21:39:00
ZQJG851209MHEVYF13,17:35:13,20:41:47
XMZB781225HGQFMC51,16:00:32,21:27:41
ZICB940807HVHFKL35,15:14:20,20:59:04
ZHXS881129HHNJXG81,8:56:19,21:27:45
BXYI941224MPUISX58,17:44:52,20:33:04
XJIP611205HWRVXJ53,12:41:19,21:34:18
VSBE921219HDWTRM81,15:43:03,20:04:42
XPGM931126MIXGVA65,18:17:04,21:12:11
KIAQ741129MZPUHD36,18:08:59,21:38:51
HYIZ831229HISVAD16,14:13:55,21:12:33
UTLC641228HJYLKG69,10:18:33,21:02:49
UHRI860829MQEWFP29,16:07:36,20:21:08
IRNU821108HYVRZE77,12:08:36,21:46:18
QCJA901228HGCXIB00,17:39:02,21:23:38
PMAZ921228HBIYXV03,15:54:39,21:57:07
EUCD960809MWBVRJ00,13:49:57,20:37:53
ZIBQ931224HBQULN65,9:37:37,21:24:36
ZLJN901229HXYOWU15,10:25:05,20:43:10
LZWU661108HGAZBC93,17:11:28,20:34:20
IWLY961209HXCATV24,14:37:40,20:26:37
HMKG901019HVPEOB88,8:35:43,20:21:29
YHFD871229HYQWXH39,15:29:13,20:33:51
HZGD831229MAVUEH10,20:31:52,20:53:15
NFOD921227MBOUDH40,17:41:01,21:39:07
SVRT811213MSFLJQ99,13:47:31,21:54:52
ZYEA651119MJCRZY98,13:32:49,20:25:47
BJGR951129MKQPUH68,16:28:55,20:19:13
RQSZ991228MSNVMG41,8:00:23,20:42:09
ONHJ951226HOUJDT33,14:55:10,20:58:06
JHKC791109HXRHQY81,14:34:48,20:19:00
BGIH611128HROMAB07,18:39:43,21:27:45
ZENX631209HZQKRN97,16:31:12,21:28:30
GNQF971214HPCXIA63,10:07:43,20:33:49
OHVU961007HZEDQM77,14:57:06,20:50:02
TQOY981219MXLMCJ83,18:50:56,20:17:32
VCXO831128MSRTFX07,12:09:23,21:28:07
OVNL841009MSPLCQ19,9:45:14,21:07:44
UOLI921126MQKXTZ32,14:19:18,21:07:58
AOEV930909MCJVYN80,10:43:21,20:48:31
ERSO990828MSJIZY39,15:04:34,20:43:55
AFDC951129HOHAXC43,18:37:10,21:39:51
FNPU851129HVCGWX30,9:46:02,20:23:21
EDIC951206MGPKCI11,9:51:12,21:48:49
QNFU961225MAEWHM05,12:39:03,21:04:57
SJPW901108HUHWTD17,9:25:59,20:19:54
PAXS971107MAUNTF44,7:03:17,21:41:27
RCWY961219MAILMF37,16:06:40,20:34:34
UVIT901229HEYLBU32,16:28:39,21:07:25
VHOQ731225HFVMQG81,15:59:01,20:57:09
NOKX971219MHCPAQ22,19:46:56,20:04:33
XBFA991208HKYTXD55,17:00:24,20:23:49
HBXV711007HJFTPQ83,10:25:46,20:04:45
IPDN831229MWNVKL59,8:40:29,20:19:08
MXSG811228MXUHFN95,19:59:46,21:40:06
NLXI851208HZPINJ94,10:21:52,20:41:54
PYEH791126MSBJXC99,11:02:37,20:25:13
IXSV630929HPMLID88,7:13:42,20:32:41
PCVX881219MZXHAJ92,7:28:47,20:23:59
CDAF951228HEQPCU16,11:28:21,21:42:04
RLXP951107HXSZHU57,9:04:06,21:53:53
UDVB610816HQCMOR58,13:56:17,20:29:14
SXBA681229HNILFS35,16:39:32,20:39:15
WFAK951229MYEHGD90,12:12:24,20:31:47
ZMVO791101MAYGTB37,7:50:30,20:10:28
STDO951117HYEZVS75,8:43:59,21:22:54
ROGC911229HENQIA43,10:53:59,21:52:11
GXLI831229MITUWF33,14:26:43,20:13:07
PRFU900906MEKMCF38,17:57:16,21:40:21
LABV921118MCYTPA88,7:05:22,20:23:43
GZTU741008HSOWCG14,13:57:19,20:50:28
XLQG611228HQVYNM82,10:55:50,21:50:39
JPTF991229HYSCAF50,19:33:39,20:57:57
ETBS831229MWHMYA64,15:34:23,21:54:29
MTUX621209MZAQFU23,14:54:37,20:55:20
NZDY991229HWOIDN55,9:42:29,20:21:36
VZCX921226HVFRQZ82,10:04:03,21:27:20
MCVA910926HRPHDB14,7:31:50,20:27:01
NWDB911218HQFVTH10,12:22:22,20:34:30
DXQF851229MAYGTU55,11:13:02,20:44:42
CVHG931206HIWXUL81,18:43:21,21:41:49
YBOL950909MKMTXC94,10:16:31,20:20:24
ABNF631219HNLPZG62,13:05:57,20:07:01
QIZR631216MLSOVZ35,13:40:32,20:16:09
WLJQ901206MBFITD51,20:50:39,21:15:37
JRCV761219MSNFPQ95,13:09:42,20:15:07
OJCY971219HKFIWQ27,10:47:23,21:44:26
SORZ911217HBRFGH69,19:57:45,20:02:57
GFTN931227MGSEXP28,15:13:33,21:01:47
LOKC601229MGLRCT40,9:36:23,21:39:07
ICPT831226MTNCQA48,19:40:05,21:49:30
QNGM801229HAXZKY29,10:33:04,21:33:33
EPMH701208HUVBFZ33,17:22:04,20:10:07
ASNZ651009HNIQAC36,17:12:11,21:08:55
NHZA901218MFRVOB64,20:48:49,21:29:03
JLAW731108HXFKLO18,12:17:46,20:58:09
WGST611219MYAVXJ13,17:17:43,20:29:36
WGBL621029MYHMWK05,19:44:34,21:09:50
XAQK741209HDSMIV83,15:32:46,20:06:23
TDKJ940925HVENXQ86,18:48:09,21:19:20
HPGQ990919MWAXJI35,19:34:02,21:59:48
FQHJ901228MMOFQE85,8:21:56,20:57:48
XWVE961209MXLHKN32,13:14:14,20:41:27
AVQW631228HTAYVZ17,18:02:24,20:38:14
OWGQ720628MUBVFS81,14:16:57,20:02:57
STCW991118MWCTDA75,17:32:59,20:27:24
DYBV831219HUMJDL69,12:32:25,21:38:39
EICH971218HVQWLR33,15:05:23,20:39:33
PKLT791126MPIWCD98,10:11:49,21:48:20
NIZB961108MDNYQT89,9:40:41,21:12:09
AOSD700719MFBCKS76,12:55:47,20:54:29
IVLP861229HZWHCY93,15:12:29,20:37:21
FSKW911007HNZGUL45,12:12:04,21:00:15
ORDL960917MNAHWR53,16:21:04,20:51:23
SGBN621109MWIZQJ94,7:19:49,21:37:45
HTSR631108MXDZLR08,9:58:27,20:43:03
UVIH751225HSYZOF22,16:42:37,21:46:15
BTVO771128HNTUAC47,15:12:08,21:45:05
YERJ991129MZXWSA29,11:51:40,20:26:42
TFVC751219MXJQHS08,18:53:38,21:07:31
NPQO771119MGYTQR67,18:09:43,20:01:44
TJVB881217HOSBRY17,19:20:45,20:12:01
CTLG671219MXLWVD24,15:26:30,20:19:55
PKIJ961209MWROHN55,12:59:20,20:47:09
ABGU951229HFDVNW39,11:17:52,21:44:44
XSJU690929HIYDQV84,15:19:20,21:15:00
ORWJ741208HCEHDF57,8:32:57,21:49:52
SIPA881109MWQLZR29,10:10:48,20:52:12
NSCL911119MVBGSD99,7:37:39,21:54:51
AUCH941008HVTKAE66,11:31:27,21:01:38
HRXW731229HMESKW03,17:08:04,21:25:33
UXPO911226MRDIJP58,18:22:23,21:29:58
WFNR931107MBPCUK51,17:40:43,20:24:23
SJGD910928HFKDST94,13:50:51,20:31:05
