numProyect,nombre,fecha_inicio,fecha_fin,RFC,CURP,numHoras
1,Gembucket,2009-06-25,2006-10-05,ohs668293017,coin494555pirate06,47
2,Job,2018-03-13,2010-09-24,cue657815623,slow097486laud's19,47
3,Holdlamis,2015-09-26,2016-06-21,aim882563674,yank829319cancer70,9
4,Ronstring,2004-11-12,2010-04-06,mow403127708,dads116722yoga's92,22
5,Cardguard,2006-12-25,2014-06-03,elk798439354,feds567934phoney21,47
6,Bytecard,2003-01-30,2008-01-15,lit689269311,peat431446richer42,30
7,Cardguard,2013-07-16,2009-10-26,tax698538405,in's900157pile's61,93
8,Regrant,2006-07-29,2007-12-07,hat434189124,keel982827orient26,38
9,Lotlux,2015-06-22,2005-06-16,ran034416120,sock119426mast's39,87
10,Ventosanzap,2014-03-21,2017-02-01,I'm851182944,woks906514minted17,76
11,Pannier,2007-09-19,2011-04-15,bow252604410,toll303426return70,30
12,It,2009-04-19,2007-10-07,sub735538680,bawl751595lagoon87,72
13,Treeflex,2010-03-20,2002-06-23,par819406503,cock813188reefed81,85
14,Voyatouch,2004-04-15,2003-12-26,nil338161568,dabs441986cool's80,89
15,Voyatouch,2004-01-28,2013-12-03,pea994442835,woof999017genius28,99
16,Tin,2009-04-08,2008-11-09,art748246286,diet282728random28,81
17,Temp,2006-10-04,2006-10-02,cam298918664,rigs785287pink's23,76
18,Tin,2011-08-28,2015-07-30,hit987658600,beer552992dime's16,5
19,It,2007-02-28,2013-10-08,nag850134826,ease835765maxima40,40
20,Matsoft,2009-01-01,2016-01-21,out406391775,darn499820sketch18,52
21,Zaam-Dox,2005-04-06,2012-08-31,fly823647922,bays298863twelve55,32
22,Bitchip,2017-07-29,2011-04-07,jug895306684,bobs661949sauted72,86
23,Temp,2006-07-09,2009-07-27,pep751121971,gull732656merger25,63
24,Duobam,2017-11-21,2010-09-07,cur995269279,gory724582peered35,58
25,Duobam,2001-09-10,2018-08-11,sup907632398,roam753039source82,68
26,Solarbreeze,2003-03-16,2009-09-12,ear971761323,lags113625punter58,80
27,Alpha,2002-03-02,2004-07-22,sin406909652,tire756356tweaks64,77
28,Trippledex,2011-08-03,2005-03-03,mow172436622,open029820invert74,31
29,Tin,2004-01-15,2002-05-24,tie691977687,bill653889intend64,29
30,Voyatouch,2000-12-15,2003-05-12,don949162368,veal060796cooler79,58
31,Vagram,2008-12-09,2012-07-30,bar903003567,okay796852limber68,66
32,It,2001-12-20,2005-02-21,C's473561108,bulb026706whip's25,23
33,Trippledex,2009-02-01,2004-04-17,nun706411232,sulk579328fish's30,35
34,Vagram,2005-12-26,2016-01-20,fox592398182,span648862harm's38,12
35,Veribet,2007-09-10,2016-01-15,sin318378753,spun388831amulet40,81
36,Trippledex,2003-12-08,2014-09-04,was303612535,plow980277huddle42,45
37,Treeflex,2008-02-03,2013-01-31,fit663014020,late491961barbed07,59
38,Flowdesk,2016-07-20,2015-08-18,too842867960,fogs200781debugs46,52
39,Cardguard,2010-07-07,2010-09-25,jaw672883597,haul748397choose08,15
40,Cookley,2003-09-18,2015-10-08,wet480265521,cash403403frizzy86,69
41,Treeflex,2014-10-27,2013-12-15,rue643285883,wont000995instil86,76
42,Keylex,2015-01-13,2012-09-02,ram797006166,herb042710aching30,18
43,Bamity,2010-12-07,2008-05-17,ova917806987,rugs586309bureau54,32
44,Temp,2018-07-14,2007-01-08,rye728434365,draw898882headed52,43
45,Tampflex,2007-03-25,2010-12-01,mod914907451,span648862harm's38,59
46,Latlux,2011-05-28,2002-10-20,vow926426930,hire543542faiths39,20
47,Holdlamis,2013-08-28,2004-08-10,pun680869792,that597875come's97,98
48,Ventosanzap,2002-09-12,2017-04-23,err032507272,awed532202goggle35,51
49,Temp,2012-09-04,2015-09-21,hip430806457,east180108tang's57,50
50,Regrant,2004-12-20,2005-08-24,err651849713,lend063954tawdry63,46
